{
  "lang":"en",
  "pipeline":[
    "tagger",
    "parser",
    "ner"
  ],
  "spacy_version":">=2.1.9",
  "speed":{
    "nwords":19770,
    "cpu":7147.6445591558,
    "gpu":null
  },
  "accuracy":{
    "uas":90.284082798,
    "las":87.5603140614,
    "ents_p":71.7110920034,
    "ents_r":72.4587315378,
    "ents_f":72.0829732066,
    "ents_per_type":{
      "PERSON":{
        "p":81.9078947368,
        "r":78.0564263323,
        "f":79.9357945425
      },
      "SYMPTOM":{
        "p":61.0169491525,
        "r":57.6,
        "f":59.2592592593
      },
      "MEDICAL FIELD":{
        "p":5.8823529412,
        "r":12.5,
        "f":8.0
      },
      "DRUG":{
        "p":74.7663551402,
        "r":65.5737704918,
        "f":69.8689956332
      },
      "FOOD":{
        "p":66.6666666667,
        "r":58.3333333333,
        "f":62.2222222222
      },
      "BODY PART":{
        "p":72.3684210526,
        "r":83.3333333333,
        "f":77.4647887324
      },
      "PLACE":{
        "p":83.0508474576,
        "r":76.5625,
        "f":79.674796748
      },
      "MEDICAL PROCEDURE":{
        "p":80.3921568627,
        "r":60.2941176471,
        "f":68.9075630252
      },
      "DISEASE":{
        "p":65.1006711409,
        "r":78.8617886179,
        "f":71.3235294118
      },
      "PHYSIOLOGIC PROCESS":{
        "p":8.5714285714,
        "r":18.75,
        "f":11.7647058824
      },
      "ORGANISM":{
        "p":83.7209302326,
        "r":92.3076923077,
        "f":87.8048780488
      },
      "ADVERSE REACTION":{
        "p":87.5,
        "r":87.5,
        "f":87.5
      },
      "DOSAGE":{
        "p":88.8888888889,
        "r":57.1428571429,
        "f":69.5652173913
      },
      "INJURY":{
        "p":92.3076923077,
        "r":60.0,
        "f":72.7272727273
      },
      "ADVERSE DRUG REACTION":{
        "p":0.0,
        "r":0.0,
        "f":0.0
      },
      "PHISIOLOGIC PROCESS":{
        "p":0.0,
        "r":0.0,
        "f":0.0
      },
      "PROCEDURE":{
        "p":0.0,
        "r":0.0,
        "f":0.0
      }
    },
    "tags_acc":95.5600608211,
    "token_acc":99.8631872308
  },
  "vectors":{
    "width":0,
    "vectors":0,
    "keys":0,
    "name":"spacy_pretrained_vectors"
  },
  "name":"model0",
  "version":"0.0.0"
}